"0"	"Opinion: NFL had no choice but to send a clear message with Garrett punishment"	"The NFL decision to suspend Myles Garrett for the rest of the Cleveland Browns season was not surprise and sent a clear message from the NFL."
"0"	"For the first time in county history, woman to serve as sheriff in DeKalb"	"History will be made in DeKalb County as for the first time ever, a woman will hold the post of sheriff. Melody Maddox will take over for Jeffrey Mann, who announced that he will retire. Mann is expected to vacate his position on November 30, 2019. Maddox was named chief deputy in DeKalb County in June. She will become the first woman to serve as sheriff in county history and will remain in that role until a special..."
"1"	"Winners, losers from Patriots' shutout win over Jets on Monday Night Football"	"The New York Jets hosted the New England Patriots to cap off NFL Week 7 on Monday Night Football, but unfortunately, this game was over before it began."
"0"	"Ford v Ferrari: the forgotten car at the heart of the Le Mans '66 clash"	"The Ferrari-beater you've probably never heard of"
"0"	"The Owner of Popular Wagaya Ramen Opens His Next Japanese Restaurant in Midtown"	"Nagomiya lands on West Peachtree next spring for rice bowls, sushi rolls, and, yes, ramen"
"1"	"Patriots wanted a test. Now, they need some answers"	"The first quarter was the worst the Patriots had played all season."
"1"	"Falcons vs. Seahawks: 5 things we learned"	"Come back to the classroom!"
"1"	"Joe Flacco to miss four to six weeks with neck injury"	"With the Broncos clearly not in playoff contention, there's still a chance he will not see the field again in 2019."
"1"	"Rich Campbell: The Bears look more like also-rans than contenders after an inexcusable performance"	"CHICAGO - The head coach and quarterback trudged to the lectern Sunday night, one after the other, because it was their obligation and because this monstrosity needed some explaining. And as Matt Nagy and Mitch Trubisky tried to account for the Bears' latest offensive meltdown following their 36-25 loss to the Saints, answers were as hard to come by as precious yards. "We're just searching," ..."
"0"	"Report: Myles Garrett facing lengthy suspension, could be five games"	"Myles Garrett was guilty of one of the most aggressive and dangerous acts we have ever seen on a football field during Monday night's game between the Pittsburgh Steelers and Cleveland Browns."
"0"	"I'm A Queer Woman Dating A Trans Man   & No One Knows"	"I'm a queer woman partnered with a transgender man, but everyone assumes we're a heterosexual couple. On the surface, we're the quintessential Brooklyn duo: We have tasteful tattoos and piercings, we shop at food co-ops, we attend spin class together, and we're creative yet gainfully employed. But while this relationship afforded me the privilege of banal nonconformity, I lost a piece of myself when I got together with my once-gym buddy, James...."
"0"	"Judge agrees Alabama Islamic State recruit is not US citizen"	"A judge agreed Thursday with President Donald Trump's administration that an Alabama woman who joined the Islamic State group was not a US citizen, leaving the 25-year-old and her son in limbo in Syria. Reggie Walton, a federal judge in Washington, agreed with the government's position that Hoda Muthana's father was still a diplomat when she was born, making her ineligible for US citizenship, a lawyer for Muthana said. The lawyer, Christina..."
"1"	"New York lawmakers are considering a ban on tackle football for kids under 12"	"Several states, including Massachusetts and New Jersey, have similar bills."
"0"	"US teacher killed in Dominican Republic had dream to retire there: Family"	"Patricia Anton, a teacher killed in the Dominican Republic, was remembered by her family."
"0"	"Here's What It Means If You Have Ridges on Your Nails"	"They don't make for the prettiest of manicures, but are they something more than a cosmetic problem?"
"1"	"AP Top 25: Navy gives AAC 4 teams, 3rd-most by conference"	"Navy moved into The Associated Press college football poll at No. 25, giving the American Athletic Conference four ranked teams, more than all but the Big Ten and the Southeastern Conference. With nine ranked teams off this weekend, including four of the top five, there was little movement throughout the AP Top 25 presented by Regions Bank. LSU is No. 1 for a second consecutive week and Alabama is No. 2. The Tigers and Crimson Tide on Saturday..."
"1"	"Report: Broncos place Flacco (neck) on IR, ending his season"	"The Broncos reportedly put Joe Flacco on IR."
"1"	"Deer fatally attacks hunter who shot him"	"In what officials are calling a bizarre incident, an Arkansas hunter was killed by a deer that he thought he had killed."
"0"	"I Overate at Dinner Until I Started Doing This 1 Simple Thing on Sundays (It Takes 10 Minutes!)"	"Another reason Sunday is the best day to meal prep."
"0"	"Garrett-Rudolph fight invokes memories of other helmet incidents, Cowboys involved"	"The NFL world was placed on it's head in the final moments of what should have been a celebratory situation for the Cleveland Browns in Thursday night's win over the Pittsburgh Steelers. Only it's the Cleveland Browns and nice things rarely happen to that organization. A few seconds before defeating their rivals for the first time in the same season they also took out the Baltimore Ravens, all hell broke loose when defensive end Myles Garrett..."
"0"	"I've been writing about tiny homes for a year and finally spent 2 nights in a 300-foot home to see what it's all about   here's how it went"	"I stayed in a tiny house for three days to see what the fuss was all about, and I was surprised by what I saw."
"0"	"How to make the most of a day trip in a new city: Charleston edition"	"Make the best of a spontaneous short trip by skipping the planning. Start walking, ask for directions and talk to people."
"1"	"Popeyes announces return date of its chicken sandwich and takes a dig at Chick-fil-A"	"Popeyes is preparing to relaunch its popular chicken sandwich Sunday, which sold out in about two weeks. Sunday also is National Sandwich Day."
"0"	"General knowledge quiz: How many questions can you get right?"	"A new quiz asking players to correctly answer questions on history, culture and science is putting the internet's general knowledge to the test."
"0"	"High tides surge through Venice, locals rush to protect art"	"Exceptionally high tidal waters surged through Venice again on Friday, prompting the mayor to close St. Mark's Square and call for more donations for repairs just three days after the Italian lagoon city suffered its worst flooding in 50 years."
"1"	"Falcons 33, Cardinals 34: A heart breaking loss sends this team spiraling"	"A brilliant performance by Matt Ryan is wasted yet again."
"1"	"Falcons drop sixth straight in loss to Seahawks"	"Playing without quarterback Matt Ryan for the first time in nearly a decade, the Falcons were defeated 27-20 by the Seahawks on Sunday before another sparse crowd at Mercedes-Benz Stadium."
"1"	"Falcons defense vs. Saints offense: Who wins this matchup?"	"On paper, at least, this doesn't look good."
"1"	"Week 10 NFL mismatches: Why Jets, Bengals, Packers must be wary"	"In his weekly NFL mismatches column, Yardbarker's Michael Nania explains why this could be an especially brutal Sunday for the Jets' Sam Darnold."
"1"	"The Falcons can't and won't start over in 2020"	"The Falcons tried to go all-in on 2019, and that will cost them for years to come. That doesn't mean a teardown is in the offing."
"0"	"Billionaires' success boils down to 3 simple traits, a new report says"	"Intelligence isn't what makes billionaires successful, a new report by investment bank UBS and PricewaterhouseCoopers found."
"1"	"What to know about Falcons - Seahawks in Week 8"	"It's the final game before the bye, and it's a doozy of a matchup for Atlanta."
"0"	"Elderly woman struck and killed by vehicle while crossing street"	"GAINESVILLE, Ga. (CBS46) A 92 year-old woman was killed in a fatal crash in Gainesville on Thursday. According to Gainesville Police, Bernice Phurmond, 92, was crossing Limestone Parkway near Lighthouse Manor Drive around 6:30 p.m. when she was struck by a Honda pick-up truck. She was pronounced dead on the scene. The driver of the truck stayed on scene until police arrived. The driver is not expected to face charges."
"0"	"Let's Enjoy Young, Doncic Both Being Awesome"	"Because of the draft-day trade that swapped their rookie destinations, Atlanta Hawks point guard Trae Young and Dallas Mavericks shooting guard Luka Doncic will be forever linked. Doncic, picked third overall, and Young fifth have been the subject of countless NBA arguments. Who won the trade, Dallas or Atlanta? Dallas, Atlanta Both Win Doncic, Young Trade Both had highly success first years. Doncic won the Rookie of the Year Award, although..."
"0"	"3 more measles cases reported in metro Atlanta"	"The Georgia Department of Public Health says there are three additional cases of measles in Cobb County. Testing is underway for another possible case."
"0"	"Trump attacks ambassador on Twitter as she testifies that his words in Ukraine call made her feel threatened"	"President Donald Trump on Friday lashed out at former U.S. Ambassador to Ukraine Marie Yovanovitch, as she testified in a public impeachment hearing in the House that his words about her in a phone call with the Ukraine president "sounded like a threat.""
"0"	"'Horrifying': California school shooting shatters a safe haven"	""I think it's becoming more and more the norm. And it's horrifying for us," says the community's former congresswoman   who attended the school."
"0"	"Greek donkeys are still being abused as 'tourist taxis,' PETA claims"	"The animal rights group claims that legislation recently passed to protect the animals is not being enforced."
"0"	"Survivor Contestants Missy Byrd and Elizabeth Beisel Apologize For Their Actions"	"Survivor contestants Missy Byrd and Elizabeth Beisel posted apologies to Twitter after they were shown onscreen using a fellow contestant's assault story to their advantage in the game"
"1"	"NFL reveals top teams, Nos. 31-100"	"A pair of Super Bowl winning teams that launched dynasties in San Francisco and New England highlighted the list of the NFL's greatest teams, Nos. 31-100."
"1"	"Felicity Huffman Is Scheduled to Be Released from Prison on October 27 After Serving 13 Days"	"Felicity Huffman's Release from Prison Set for Oct. 27"
"1"	"MLB free-agent predictions: Rankings, rumors for the top players on the market"	"We'll take a quick look at why 10 players will be attractive as free agents, a couple of places they might wind up and then a prediction."
"0"	"Bill Plaschke: Trout and Bellinger deserve MVPs, but fans deserve more in postseason"	"LOS ANGELES - The hometown sweep of baseball's Most Valuable Player awards Thursday officially anoints Los Angeles as the center of the baseball universe! No, actually, that would be Washington. The American League MVP victory by the Angels' Mike Trout and the National League MVP win by the Dodgers' Cody Bellinger validates Los Angeles as baseball's city of stars! Yeah, in a sky that goes ..."
"1"	"Eagles to sign wide receiver Jordan Matthews"	"Matthews began his career in Philadelphia after entering the league as a second-round pick in 2014."
"1"	"7 possible landing spots for Anthony Rendon"	"The most coveted position player hitting the open market this winter is undoubtedly third baseman Anthony Rendon. Rendon's expected price tag - and the fact a compensatory draft pick must be surrendered upon signing him - will eliminate a handful of suitors outright."
"1"	"Flavor Flav, You ARE The Father! Paternity Test Confirms Rapper Is Dad Of 2-Month-Old Baby"	"Congratulations!"
"1"	"'Every day I go outside, I feel like I'm going to get killed': How Chicagoans exposed to violence end up isolated, lonely and with chronic health problems"	"Christopher Lee was 15 years old when he was shot May 14, 2016, while on his bike outside his East Garfield Park home. Now 18, Lee was shot in the back, arm and chest, and was in the hospital for six days, where he had two surgeries in addition to staples and stitches. To this day, he said, he still has a bullet in his chest. And he's still not over the shooting. He doesn't play basketball in ..."
"1"	"Boxer Patrick Day dies after suffering traumatic brain injury in super welterweight fight"	"Boxer Patrick Day, 27, died on Wednesday after being knocked out against Charles Conwell on Saturday. He had surgery and had been in a coma."
"0"	"He was a member of a boy band in the 90s. Now he's an ER doctor in Dallas"	"Just when he attained everything he had ever wanted, he realized it wasn't what he wanted."
"1"	"Three takeaways from 49ers' road win over Cardinals"	"San Francisco remains the only perfect team in the NFC and is just one of two teams in the NFL (New England) yet to lose a game."
"1"	"Veteran infielder Martin Prado appears likely to retire"	"The rough ending doesn't detract from Prado's worthwhile time in the majors."
"1"	"Off to the World Series, these Nationals have proved everyone wrong"	"This unexpected joyride of a season could hold more promise yet."
"0"	"Credit Suisse says Tesla is running out of time as the major electric car maker, shares to dive 40%"	"Credit Suisse on Thursday noted that Tesla has nearly an 80% share of the U.S. market for electric vehicle."
"1"	"Giants reportedly narrow manager search to three finalists, including ex-Phillies skipper Gabe Kapler"	"San Francisco is still looking for Bruce Bochy's replacement"
"0"	"Dow tops 28,000 for first time, capping 4-week win streak"	"The Dow Jones Industrial Average ended at another record high Friday after White House economic adviser Larry Kudlow said China and the U.S. were getting close to reaching a trade deal."
"1"	"Ranking the 7 remaining QBs the Falcons will face in 2019"	"The Falcons have a long and nearly impossible road to the playoffs after a 1-5 start. With ten games remaining, the team would pretty much have to run the table to save its season."
"0"	"Meghan Markle's Lawyers Debunk Multiple False Tabloid Stories in New Court Documents"	"False, divisive, and completely untrue."
"0"	"This stately home is having the ultimate yard sale"	"Nicky Haslam's English country estate, The Hunting Lodge, is filled with precious treasures and almost all of them will be sold at auction next month."
"1"	"Meghan King Edmonds, Jim Edmonds' Nanny Denies Cheating Allegations"	"Meghan King Edmonds, Jim Edmonds' Nanny Denies Cheating Allegations"
"1"	"Trying to find the market for J.D. Martinez"	"It's the key to his opt-out decision."
"0"	"Fashion hits and misses from the 2019 Country Music Association Awards"	"From Nicole Kidman to Pink, see the best and worst dressed stars at the 2019 Country Music Association Awards."
"0"	"13 Reasons Why's Christian Navarro Slams Disney for Casting 'the White Guy' in The Little Mermaid"	"13 Reasons Why's Christian Navarro Slams Little Mermaid's Eric Casting"
"0"	"Raise Billions From Billionaires? Tax Experts Say It's Not That Simple"	"One of the signature initiatives of Elizabeth Warren's presidential campaign is a wealth tax that, she says, would pay for many of the programs she proposes."
"0"	"Japanese slugger Tsutsugo officially posted for MLB transfer"	"The Yokohama DeNA BayStars announced they posted Japanese slugger Yoshitomo Tsutsugo on Friday, paving the way for him to sign with a major-league club, according to Kyodo News. Tsutsugo now gets 30 days to sign a contract in the majors. The team that signs him must pay the BayStars a percentage of his contract as a posting fee, as outlined in the posting agreement between MLB and Nippon Professional Baseball. If he doesn't sign, Tsutsugo would..."
"1"	"Rock Hall of Fame: Notorious B.I.G., Whitney Houston, Soundgarden Lead Nominees"	"The nominations for the Rock and Roll Hall of Fame's class of 2020 are in and the list includes the Notorious B.I.G., Whitney Houston, Pat Benatar, Dave Matthews Band, Depeche Mode, the Doobie Brothers, Judas Priest, Kraftwerk, MC5, Motörhead, Nine Inch Nails, Rufus featuring Chaka Khan, Todd Rundgren, Soundgarden, T. Rex and Thin Lizzy. The top vote-getters will be announced in January and inducted May 2nd, 2020 at a ceremony at Cleveland's..."
"0"	"LASIK eye surgery should be taken off market, ex-FDA adviser says"	"An estimated 20 million Americans have undergone the procedure to correct nearsightedness and improve distance vision"
"0"	"The Real Reason McDonald's Keeps the Filet-O-Fish on Their Menu"	"It's something of an underdog story."
"1"	"Hugh Hefner's son Cooper weds 'Harry Potter' actress"	"Cooper Hefner married Scarlett Byrne in Ventura, Calif., on Monday."
"1"	"Savannah Chrisley's Fiancé Nic Kerdiles Denies Breakup Rumors"	"The two recently sparked the rumors after she posted photos not showing her wearing her engagement ring, and after she debuted a shorter haircut."
"1"	"'Bachelor's Amanda Stanton Is Dating 'Rich Kids of Beverly Hills' Star Brendan Fitzpatrick"	"The mom of two opened up to ET about her dating life in August."
"1"	"Martha Stewart says Felicity Huffman looks 'schlumpy' in prison"	"Martha said the actress needs to up her style while in the slammer."
"0"	"7 possible landing spots for Anthony Rendon"	"The most coveted position player hitting the open market this winter is undoubtedly third baseman Anthony Rendon. Rendon's expected price tag - and the fact a compensatory draft pick must be surrendered upon signing him - will eliminate a handful of suitors outright."
"0"	"Chris Evans' Hilarious Reason Why He Continues Acting"	"ET's Keltie Knight spoke with Chris Evans at the premiere of 'Knives Out,' in theaters Nov. 27."
"1"	"Aubrey O'Day Responded to Critics Who Say Plastic Surgery Has Dramatically Changed Her Appearance"	""I look in the mirror. I know what I look like," the 35-year-old singer says. "I love me! I'm the happiest I've ever been.""
"1"	"Lil Pump bit by snake on set of music video"	"Lil Pump was left bloodied as a snake bit him, and it's all caught on video."
"0"	"Report: Police investigating woman's death after Redskins' player Montae Nicholson took her to hospital"	"Police are investigating an apparent drug-overdose death of a woman after the Redskins' Montae Nicholson took her to a hospital, according to reports."
"0"	"'This tarnishes everything': Astros cheating allegations have baseball world demanding punishment"	"The Houston Astros are facing public backlash over revelations that the team may have been using electronic means to steal signs."
"0"	"All the Best Looks from the 2019 CMA Awards"	"Country music's big night always brings out the fun fashion."
"1"	"Dwayne 'The Rock' Johnson Says Goodbye To 'Ballers' In Instagram"	"Going out like ballers."
"1"	"MLB free-agent rumors: Braves making Madison Bumgarner a priority, report says"	"The lefty seems like a good fit in Atlanta   in the right deal."
"1"	"Eminem Says He Sides With Chris Brown Over Rihanna Assault on Alleged Leaked Song"	"Leaked audio of Eminem allegedly rapping that he'd side with Chris Brown over Rihanna assault is making rounds on social media and fans are not happy."
"1"	"Joe Giudice Lost 'More Than 50 Pounds' During Prison Stint"	"The 'Real Housewives of New Jersey' star is nearly unrecognizable after his weight loss."
"0"	"50 Best Movie Sequels of All Time"	"A successful film franchise can ensure box office earnings like few other movie offerings can."
"1"	"Which NFL teams will rise, fall in second half of season?"	"With the NFL at its approximate midseason point, several teams are bound to reverse their fate in the second half of the season."
"1"	"Top takeaways from Sunday's Week 7 NFL action"	"The Atlanta Falcons' season-long struggles continued while the Houston Texans put up a bummer of a performance against the Indianapolis Colts."
"0"	"LeBron James: 'Everyone had doubt' whether an NBA team would sign Carmelo Anthony"	"LeBron James had doubts Carmelo Anthony would get another chance to play in the NBA, had hoped Los Angeles Lakers would sign him last season."
"1"	"Falcons 10, Rams 37: Atlanta gets demolished and Dan Quinn may get fired"	"Arthur Blank may not have a choice but to move on ... and quickly."
"1"	"Indians exercise Corey Kluber's team option for 2020 season"	"The former Cy Young winner started seven games for Cleveland before having his season cut short due to injury in May."
"1"	"Falcons offense vs. Rams defense: Who wins this matchup?"	"Please god, find a way to stop Aaron Donald."
"1"	"Jalen Ramsey trade rumors: Rams acquire cornerback for three draft picks"	"Jalen Ramsey finally got his wish. He will be playing for a Super Bowl contender."
"0"	"A third of boomers make this critical retirement mistake"	"And it's putting their retirement security at risk"
"0"	"66 Cool Tech Gifts Anyone Would Be Thrilled to Receive"	"Let's face it: everyone wants the newest, coolest tech gadget on the market, and we don't blame 'em."
"0"	"The Coolest Car Lamborghini Never Made Is Up For Sale"	"It's 1996. Jurassic Park has made dinosaurs cool again. The Lamborghini Diablo has been very effective at terrifying everyone and hiding the fact hat it has Nissan headlights. Zagato has taken the Diablo, removed the safety systems, and supplied the power of a 5.7-liter V12 into the hand of one lucky customer through the knob of a six-speed manual."
"0"	"Will James Wiseman play for Memphis again? Explaining next steps in NCAA eligibility process"	"James Wiseman and Memphis agreed on Thursday to follow the NCAA's rule of law in determining his eligibility. Here is what that most likely means for the rest of their 2019-20 season."
"1"	"Kanye West says he'll never perform old song lyrics again"	"Kanye says he's playing music for God now."
"1"	"Willie Brown, Hall of Famer and Raiders legend, dies at 78"	""My job was not catching passes," Brown would once say. "My job was to stop the receiver from catching it.""
"0"	"Robert Irwin Says He's 'So Stoked' to Walk Big Sister Bindi Down the Aisle at Her Wedding"	"Robert Irwin Is 'Stoked' to Walk Big Sister Bindi Down the Aisle"
"0"	"Staffer who overheard Trump call with Sondland testifies in closed hearing"	"David Holmes, an aide to Ambassador Bill Taylor, overheard a July 26 call between Trump and Gordon Sondland about Ukraine"
"0"	"Colin Kaepernick heads to Atlanta for workout"	"Despite speculation that he might not go through with Saturday's PR stunt, Colin Kaepernick will participate in the NFL's hastily organized workout."
"1"	"Jerry Jones' Grandson to Start at QB for Arkansas on Saturday"	"Chad Morris and Arkansas are currently one of the worst Power 5 teams in college football. They haven't won a conference game since 2017, and have gone just 4-17 since Morris came over from SMU, with losses to North Texas and San Jose State on the ledger. Rather than start a turnover machine in Nick Starkel, who has 10 picks against seven touchdowns, or the incredibly inaccurate Ben Hicks, who isn't completing half of his passes, Morris is..."
"0"	"The 30 best shows of Comedy Central's 30 years"	"Comedy Central has been on the air now for 30 years. Since Nov. 15, 1989   when it was The Comedy Channel   it has been the go-to network for comedy, from original programming and movies to favorites and cult classics in syndication."
"1"	"Niecy Nash Announces Split From Husband Jay Tucker"	"They've been married since 2011."
"1"	"Report: Saints QB Drew Brees to start Sunday against Cardinals"	"Brees practiced all week, albeit in a limited capacity, following a swift recovery from thumb surgery."
"0"	"'Charlie's Angels' stars: Where are they now?"	"We're checking up on former Charlie's Angels actresses to find out what they're up to today."
"1"	"Ex-All-Star slugger Josh Hamilton charged with child injury"	"KELLER, Texas (AP) Former All-Star slugger Josh Hamilton has been charged with injury to a child after his 14-year-old daughter told his ex-wife that he'd struck her."
"0"	"George Conway and Trump Jr. trade personal insults during impeachment hearing"	"Conservative commentator George Conway and Donald Trump Jr. squared off via Twitter during Marie Yovanovitch's public impeachment hearing Friday."
"0"	"The world's only $100 billion utility owes its rise to wind power"	"Two decades ago, when coal ruled U.S. power generation, a Florida utility plowed some of its extra cash into a wind farm atop a desolate Oregon plateau."
"0"	"Nurses face an epidemic of workplace violence"	""I got punched in the face," said one emergency room nurse, while others worry for their safety"
"1"	"Heavy rains pick up in the South, Nor'easter coming to Northeast"	"A storm system will move through the South today with heavy rain that could cause flash flooding."
"1"	"What has gone wrong with the Atlanta Falcons?"	"The current state of the Atlanta Falcons is discouraging to say the least. Here is my general outlook on the team after their 1-6 start."
"1"	"Three takeaways from Chiefs' road win over the Broncos"	"The normally struggling Broncos had been playing well as of late and entered the contest on a two-game win streak."
"0"	"What Happens When Your Cruise Has to Rescue Another Ship"	"Celebrity Cruises' 'Xpedition' ran aground in the Galapagos last week, but what followed was a master class in how to respond."
"1"	"'Rich Kids' Stars Morgan Stewart and Brendan Fitzpatrick to Divorce After 3 Years of Marriage"	"ET confirmed earlier this month that Fitzpatrick is now dating 'Bachelor' alum Amanda Stanton."
"1"	"5 big questions for the MLB offseason"	"Anthony Rendon and Gerrit Cole are big MLB free agency targets. Mookie Betts and Francisco Lindor could be trade targets. Or ... everything could be boring! Let's see."
"1"	"Sneaky reason why Ravens, not Patriots, are AFC's best"	"In addition to MVP candidate Lamar Jackson, the Ravens' improving defense gives them an edge, Chris Mueller writes."
"0"	"Watch These Two Love Birds Perform a Heart-Shaped Swan Dance"	"Were they already a couple or is this love at first sight? Buzz60's Tony Spitz has the details."
"0"	"Opinion: Baylor football back on top four years after sexual assault scandal rocked campus"	"For many watching Saturday night, it will be difficult to get past the name Baylor when the undefeated Bears play Oklahoma. Perhaps that's fair."
"0"	"Kate Middleton Took Public Transit to Her Royal Engagement Today"	"It's not every day you see a royal wearing Oscar de la Renta on your morning commute."
"0"	"30 Best Black Friday Deals from Costco"	"Costco members love shopping at the warehouse store, and they'll love shopping there for holiday gifts just as much."
"1"	"'A passionate guy': Ex-NASCAR team owner found dead in Ohio River near Louisville"	"Lonnie Troxell, of a racing team from 2000-2005 that competed in the NASCAR Craftsman Truck Series, was found floating in the Ohio River Tuesday."
"0"	"Former North Carolina State, NBA player Anthony Grundy dies in stabbing, police say"	"Anthony Grundy starred at North Carolina State before playing professionally. He was killed in a stabbing Thursday in Louisville."
"0"	"The Unlikely Star of My Family's Thanksgiving Table"	"It's hard to remember life before broccoli cheese rice casserole. Or, B.B.C.R.C.E. (Before Broccoli Cheese Rice Casserole Era). What did the Kim clan have to look forward to every Thanksgiving before the cheesy family-favorite side dish entered our lives? Stuffing, maybe. Green bean casserole. Macaroni and cheese. Ham in cola, a quirky recipe from Nigella Lawson that she picked up from the American South. Certainly nothing from the Korean..."
"1"	"John Witherspoon Dies: Comedian & 'Friday' Star Was 77"	"John Witherspoon, an actor-comedian who for decades made audiences laugh in television shows and films, including the hit Friday franchise, died suddenly at his home today. He was 77. "It is with deepest sorrow that we can confirm our beloved husband and father, John Witherspoon, one of the hardest working men in show business, died""
"1"	"'Tarzan' Actor Ron Ely: Actor's son allegedly killed his mother before deputies shot and killed him, sheriff's office says"	"The son of "Tarzan" actor Ron Ely killed his mother before he was shot and killed by deputies on Tuesday, according to the Santa Barbara County Sheriff's Office."
"1"	"Teresa Giudice and Kids Travel to Italy to See Joe Giudice Amid Marriage Drama"	"Real Housewives star Teresa Giudice and her four children are en route to Italy to see Joe Giudice. Get the details."
"1"	"Brees has huge day in return as Saints cruise to 7-1"	"Drew Brees passed for 373 yards and three touchdown passes in his return from a thumb injury, leading the New Orleans to a 31-9 victory over the Arizona Cardinals as the Saints improved to 7-1 on the season."
"0"	"Celebrity PDA of 2019"	"See the stars kissing and hugging on the red carpet and out and about!"
"1"	"15 key questions for NFL Week 7"	"What big developments will occur in Week 7?"
"1"	"Rob Gronkowski says he's not coming back this season"	""I am very satisfied where I am at.""
"1"	"Why the Patriots made a very un-Patriots trade for Mohamed Sanu"	"The Patriots haven't traded a second-round pick for an age 30 player since ... Corey Dillon."
"0"	"Public viewing to be held for Alexis Crawford today"	"A public viewing for slain Clark Atlanta University student Alexis Crawford will be held today in Athens. Mourners will be able to pay respects at the Hill Chapel Baptist Church from 4 p.m. to 8 p.m. The church is located at 1692 W. Hancock Ave. in Athens, Crawford's hometown. RELATED: Funeral for Alexis Crawford, slain Clark Atlanta student, moved to larger location The public viewing today precedes a funeral that will be held tomorrow, also in..."
"1"	"Bahareh Zare Bahari: Beauty queen says she will be killed if she is deported to Iran"	"An Iranian beauty queen who has spent almost two weeks inside Manila's international airport says she will be killed if she is sent back home and is seeking asylum in the Philippines."
"1"	"Top takeaways from first half of the NFL season"	"Two months through the season, the 49ers and Patriots look like the cream of the crop while the Dolphins are historically awful."
"0"	"Archie's Photo Album: Prince Harry, Duchess Meghan's Royal Baby"	"So cute!"
"1"	"Man, two kids hit by car while waiting for school bus"	"Channel 2 Action News has learned a man and two young girls were hit while waiting for a school bus in Forsyth County."
"1"	"Nationals beat Astros in Game 7 to win World Series"	"Nationals beat Astros in Game 7 to win World Series"
"1"	"Former North Carolina State, NBA player Anthony Grundy dies in stabbing, police say"	"Anthony Grundy starred at North Carolina State before playing professionally. He was killed in a stabbing Thursday in Louisville."
"0"	"Here's how much and who you should be tipping at American hotels"	"To tip or not to tip: That is the question. Well, one of them. Here's everything you should know about hotel tipping in the U.S."
"1"	"Tiffani Thiessen Had No Idea the 'Saved by the Bell' Reboot Was Happening"	"Someone had to tell them. Tiffani Thiessen said she and Mark-Paul Gosselaar had no idea the Saved by the Bell reboot was happening."
"0"	"Whoopi Goldberg Doesn't Stress About The View's Tense Debates"	"Whoopi Goldberg discusses the contentious debates on The View and playing a 108-year-old in the adaptation of Stephen King's The Stand."
"0"	"RHOA's Cynthia Bailey Supports Daughter Coming Out as Sexually Fluid: 'Her Truth is Her Truth'"	"Cynthia Bailey Supports Daughter Noelle Robinson Coming Out as Sexually Fluid"
"0"	"Ohio GOP lawmakers want to ban all abortions, charge doctors who perform them with murder"	"Republicans in the Ohio House of Representatives have signed onto a bill to ban all abortions in Ohio and charge doctors who perform them with murder."
"1"	"Burning questions for Lions vs Packers on 'Monday Night Football'"	"The Green Bay Packers host the Detroit Lions for an NFC North special edition of Monday Night Football to cap off a lively NFL Week 6 slate."
"1"	"The 5 biggest NFL playoff races to watch the rest of this season"	"Retired NFL lineman Geoff Schwartz breaks down the most competitive races and predicts how each one will shake out."
"1"	"Joe Giudice's Shocking Transformation Revealed in First Photo Since ICE Release"	"Joe Giudice's Shocking Transformation Revealed in First Photo Since ICE Release"
"1"	"Courteney Cox and David Beckham Soak in a Hot Tub for Upcoming Modern Family Cameo"	"Courteney Cox and David Beckham in Hot Tub in Modern Family Cameo"
"1"	"Falcons vs. Rams: a quick look at the series history"	"Fact: Approximately 10-20 percent of U.S. power outages are caused by Julio Jones"
"0"	"Police find 26 children behind false wall at Colorado day care"	"The state of Colorado has suspended the license for Play Mountain Place daycare in Colorado Springs after they uncovered 26 children behind a false wall in the owner's basement, all under the age of three-years-old."
"0"	"Browns, Steelers brawl at end of Cleveland's 21-7 win"	"Cleveland defense end Myles Garrett ripped off Pittsburgh quarterback Mason Rudolph's helmet and hit him with it in the head in the final seconds as the Browns' 21-7 win over the Steelers on Thursday night ended with a wild brawl between the rivals."
"1"	"Week 7 winners, losers: Aaron Rodgers now in MVP race; Mitchell Trubisky looks lost"	"Aaron Rodgers' big game vaults him into the MVP race. Meanwhile in Chicago, it might be time for the Bears to reconsider Mitchell Trubisky's future."
"0"	"Would-Be Predator Sentenced For Attempted Sex With Girl: Patch PM"	"Principal of the year named | Perfect ACT score | Animal shelter in need | Wow houses | Carter recovering from surgery: Patch PM"
"0"	"Automakers around the world await Trump's tariff decision"	"Automakers around the world are awaiting a decision from President Donald Trump on whether he will impose up to 25% tariffs on U.S. car and auto part imports after a 180-day review period elapsed this week."
"0"	"Halle Berry Shares Photo of 6-Pack Abs on Instagram and Her Fans are Freaking Out"	"The 53-year-old star worked hard for those washboard abs while training for her new movie, "Bruised.""
"1"	"Dog The Bounty Hunter Is Cutting Out White Foods After His Recent Health Scare"	"Dog   real name Duane Chapman   is taking steps to make sure he's not part of the 15% of people diagnosed with pulmonary embolism who die as a result of it."
"0"	"3 Indiana judges suspended after a night of drinking turned into a White Castle brawl"	"Hours before they were to attend an educational conference in Indianapolis, three judges went out drinking for a few hours and decided to walk to a strip joint."
"0"	"The latest on Brad Pitt and Angelina Jolie's post-split relationship, plus more news"	"Brad Pitt reportedly wants to see his kids more than Angelina Jolie has made possible. Plus, more celebrity news for Nov. 14, 2019."
"1"	"What happened to the Patriots-Ravens rivalry?"	"This rivalry used to be one of the nastiest   and not coincidentally, one of the best   in the NFL."
"1"	"Georgia authorities search for convicted rapist and child molester who was released 'in error' from prison"	"Tony Maycon Munoz-Mendez, 31, was mistakenly released from Rogers State Prison on Friday, according to the Georgia Department of Corrections."
"1"	"Report: Steve Belichick serving as Patriots' defensive play caller"	"The Patriots have the NFL's best defense, but they don't have a defensive coordinator, and it's never been clear who exactly is making the play calls on Sundays. But it appears that the primary play caller on New England's defense is Steve Belichick, the safeties coach and son of head coach Bill Belichick. The Boston [more]"
"1"	"Arthur Blank: Falcons going week-by-week with Dan Quinn"	"It is a waiting game for if Atlanta Falcons coach Dan Quinn will lose his job and owner Arthur Blank have reasons why."
"1"	"Cardinals extend execs John Mozeliak, Mike Girsch, manager Mike Shildt"	"This news comes on the heels of a strong 2019 campaign in which the Cards returned to the postseason by hanging on in a tight NL Central."
"1"	"Mets don't know if Yoenis Céspedes will play in 2020"	"Yoenis Céspedes has not played since 2018 due to heel surgery and a subsequent ankle injury."
"1"	"Cold front moves into the Northeast with rain and snow"	"A low pressure system and a cold front moved through the Midwest in the last 36 hours producing up to half a foot of snow from Minnesota to Michigan."
"0"	"Kentucky's Bowden gets Wildcats fans intrigued with tweet at Calipari"	"This past Tuesday was a day that most Kentucky Wildcats fans would like to forget."
"0"	"Maze of tunnels reveals remains of ancient Jerusalem"	"Controversial excavations under the Holy City uncover layers of history and stoke long-standing tensions."
"1"	"Report: The Falcons turned down trade offer for Devonta Freeman"	"The Falcons continue to make puzzling moves, or in this case, non-moves."
"0"	"Will you get dementia? Many may not understand their risk"	"New research suggests many American adults inaccurately estimate their chances for developing dementia and do useless things to prevent it."
"0"	"Brett Kavanaugh calls Ruth Bader Ginsburg 'inspiration,' heaps gratitude on allies"	"In his first speech as a Supreme Court justice, Brett Kavanaugh heaped "gratitude" on his supporters and hailed Ruth Bader Ginsburg as an "inspiration.""
"1"	"Broncos trade two-time Pro Bowl WR Emmanuel Sanders to 49ers"	"It became very clear in the past week that Sanders was on his way out as the Broncos continue to sink toward the bottom of the standings."
"0"	"Officiating becomes major discussion as Hawks suffer defeat in Phoenix"	"This game will be remembered for one reason and one reason only..."
"1"	"Report: Dan Quinn, who has not been fired during the bye week, will not be fired during the bye week"	"This is basically a confirmation of reports that were already out there, but housekeeping is housekeeping."
"0"	"'Holy cow': Jim Jordan and Adam Schiff share heated exchange at impeachment hearing"	"Former U.S. Ambassador to Ukraine Marie Yovanovitch was about to give her opening statement, when the congressmen got into a heated exchange."
"1"	"Joe Giudice Says Immigration Officers Took Selfies with Him After He Was Released"	"Joe Giudice: Immigration Officers Took Selfies with Me"
"1"	"Joe and Teresa Giudice set to discuss family drama with Andy Cohen"	"Joe and Teresa Giudice will talk about their family drama and his immigration status with Andy Cohen this weekend."
"1"	"Atlanta United's season ends with loss to Toronto"	"Atlanta United's season, and hope of winning back-to-back MLS Cups, is over."
"0"	"22 Smart Tax Moves to Make Before the End of the Year"	"Have you done your charitable giving for the year? Paid off medical bills? Those are just two smart tax moves you should make to lock in savings when the taxman comes to call in April. But you'll have to hurry if you want to make these last-minute plays work. Deadline is Dec. 31, and the clock is running."
"1"	"The 10 best NFL trade deadline deals of all-time"	"The NFL trade deadline has become a thing again. For about a quarter-century, it really wasn't. And while we're still not seeing deadline blockbusters like we did in the late-1980s, the deadline has been a lot busier in recent years than it was for the first decade-plus of the 21st century. Ahead of this year's Read more... The post The 10 best NFL trade deadline deals of all-time appeared first on The Comeback."
"1"	"Tom Brady explains why he's angry at this point in the football season"	"New England Patriots quarterback Tom Brady wasn't happy on Monday morning. That much was clear when he logged on for his call with WEEI sports radio. But he wasn't sad, even if he sounded a little down after his team's 37-20 loss to the Baltimore Ravens on Sunday night. "I'm more angry. I'm just an angry football   I'm like an angry during football season. It's always kind of at a boil   just below boil. It doesn't take much to push me over the...""
"1"	"Former US Senator Kay Hagan dead at 66"	"Former U.S. Sen. Kay Hagan, a one-time Capitol Hill intern who went on to become North Carolina's first Democratic female senator, died Monday at her Greensboro home. She was 66."
"0"	"WATCH: Browns' Myles Garrett Attacks Mason Rudolph With Helmet in Ugly Brawl"	"Cleveland, Ohio (92.3 The Fan) - In the span of mere moments what was supposed to be an exhilarating night for the Browns and their fans was stolen by an act of madness. This franchise, mired in utter failure for two decades and embarrassed regularly by the Steelers, now bears the embarrassment of one of the ugliest incidents in NFL history. "I am embarrassed," Browns head coach Freddie Kitchens said. "Myles is embarrassed. It is not good. He...""
"1"	"Felicity Huffman Smiles as She Begins Community Service Following Prison Release"	"The 56-year-old actress was released from prison last month."
"1"	"Report: Jim Harbaugh exploring potential NFL return"	"Harbaugh has turned Michigan into a highly ranked program again, but has been unable to find the breakthrough into the conference title game and beyond."
"0"	"How to Watch the Leonid Meteor Shower This Weekend"	"Look up this weekend to catch shooting stars radiating from the constellation Leo."
"0"	"Russia Releases Norwegian, Lithuanians in Unusual Spy Swap"	"Lithuania and Russia swapped spies at the Baltic nation's border on Friday, with two Lithuanian citizens and a Norwegian handed over in exchange for two Russians."
"1"	"Falcons switch Raheem Morris to defense in coaching staff shakeup"	"The evaluation over the bye week appears to have led to at least one set of changes."
"1"	"Remembering Mohamed Sanu's impact for the Falcons"	"A player once deemed not good enough ultimately proved to be a true difference maker and fan favorite."
"0"	"Opinion: Colin Kaepernick is about to get what he deserves: a chance"	"The end may be near for the 3-year-old saga of Colin Kaepernick as the quarterback is scheduled to work out for teams on Saturday."
"0"	"19-year-old driver faces charges in Forsyth County school bus accident"	"A 19-year-old driver is in custody with the Forsyth County Sheriff's Office after he struck two students and their adult chaperone as they attempted to board a stopped school bus. According to Sheriff's Office spokesman Cpl. Doug Rainwater, the school bus was at a complete stop -- with lights flashing and the bus' arm extended -- at the students' bus stop on Buford Highway when the teen approached the back of the bus and swerved onto the..."
"0"	"Why did Santa Clarita shooting happen? Detectives search for motive"	"Investigators are still trying to determine why a 16-year-old Saugus High School student allegedly opened fire in a campus quad Thursday, killing two classmates and injuring three others before turning the weapon on himself."
"1"	"Luann de Lesseps dating her agent again"	"Luann de Lesseps confirmed that she's reconciled with her ex... also her agent."
"0"	"Treasury yields tick higher amid uncertainty over US-China trade deal"	"U.S. government debt prices were lower Friday morning, as traders monitored U.S.-China trade developments."
"0"	"Opinion: NFL should suspend Browns' Myles Garrett for rest of season   at minimum   for helmet swing"	"The Browns won on Thursday, but only in the most literal sense. Pro Bowl defensive end Myles Garrett changed everything with the swing of a helmet."
"1"	"Gronkowski suggests that he'll unretire if NFL legalizes CBD"	"As the clock continues to tick toward the deadline for a 2019 return from tight end Rob Gronkowski, Gronk has hinted that he'll return in 2020   if the NFL makes one specific change to its rules. Via Stefan Geller of the Boston Herald, Gronkowski called on the NFL to permit players to use CBD, [more]"
"1"	"What Tom Brady, Lamar Jackson Told Each Other After Patriots-Ravens"	"Tom Brady offered credit where it was due Sunday night in Baltimore. The Ravens handed Brady and the Patriots their first loss of the season in Week at M amp T Bank Stadium. The primetime"
"0"	"A New York City-themed Aquarium Is Opening in the American Dream Mall"	"A New York City-themed SEA LIFE Aquarium will in the American Dream mall in New Jersey in the spring of 2020."
"0"	"Supporting your adult children can ruin your retirement plans"	"Prepare your children early in life to be financially independent. If not, your retirement plan may need to include funding your irresponsible adult child's lifestyle, in addition to funding your own retirement."
"0"	"There's a place in the US where its been over 80 degrees since March"	"The Weather Service reports the last time the daily high was below 80 degrees was on March 27 when the high only reached 78 degrees -- which, let's be honest, is still pretty warm."
"0"	"Notre Dame sellout streak of 273 games dating to 1973 likely to end this week against Navy"	"Notre Dame sellout streak dating to 1973 will end at 273 games after the school announced Notre Dame Stadium will not be filled against Navy."
"1"	"Curry injury worse than originally thought, could be out for season"	"Steph Curry injured his hand last Wednesday when he fell awkwardly, and it was immediately apparent that something wrong had happened."
"1"	"MLB teams overcome a 3-1 deficit more often than you probably realize"	"Postseason teams have come surging back from a seemingly insurmountable hole 10 times in the past 40 years."
"0"	"The Kardashians Face Backlash Over 'Insensitive' Family Food Fight in KUWTK Clip"	"Kardashian's Face Backlash Over Family Food Fight"
"1"	"Falcons 20, Seahawks 27: Atlanta fights back, but still ends up 1-7"	"Is this the end of Dan Quinn's tenure in Atlanta?"
"1"	"Yardbarker's Week 9 NFL picks, game previews"	"In Week 9 at home, the Giants aim to upset the Cowboys, who crushed them in Week 1. Yardbarker's Chris Mueller previews every game."
"1"	"Todd and Julie Chrisley Fire Back at Estranged Daughter Lindsie's 'Dr. Phil' Interview (Exclusive)"	"In an exclusive statement from the Chrisley family via their rep, Todd and Julie call Lindsie's latest interview 'unfathomable.'"
"1"	"Falcons defense vs. Seahawks offense: who wins this match up?"	"Can Atlanta slow down MVP candidate Russell Wilson?"
"1"	"10 biggest disappointments of NFL Week 7"	"In an NFL Week 7 that saw plenty of lopsided victories, there were some clear disappointments on the field throughout the schedule. Larry Brown Sports dives into the 10 biggest so far."
"0"	"Taylor Swift Rep Hits Back at Big Machine, Claims She's Actually Owed $7.9 Million in Unpaid Royalties"	"Taylor Swift's team responds to Big Machine's denial."
"1"	"Four flight attendants were arrested in Miami's airport after bringing in thousands in cash, police say"	"Four American Airlines flight attendants were arrested at the Miami International Airport and charged with money laundering after bringing large amounts of cash into the country, police said."
"1"	"Astros walk off vs. Yankees in Game 6, advance to World Series"	"Astros walk off vs. Yankees in Game 6, advance to World Series"
"1"	"Falcons coach Dan Quinn: 'If we don't stop beating ourselves, we can't beat another team'"	"The Falcons just can't catch a break so far this season. When things have gone well on one side of the ball, they've often been disastrous on the other side."
